{
  "learning_rate": 2.0921304830970556e-05,
  "num_train_epochs": 10,
  "per_device_eval_batch_size": 12,
  "per_device_train_batch_size": 12,
  "weight_decay": 0.016443457513284063
}