{
  "learning_rate": 1.1440914600706172e-05,
  "num_train_epochs": 10,
  "per_device_eval_batch_size": 12,
  "per_device_train_batch_size": 12,
  "weight_decay": 0.07261246339509321
}