{
  "learning_rate": 4.899166074143869e-05,
  "num_train_epochs": 10,
  "per_device_eval_batch_size": 12,
  "per_device_train_batch_size": 12,
  "weight_decay": 0.09702107536403744
}