{
  "learning_rate": 3.621780831931538e-05,
  "num_train_epochs": 10,
  "per_device_eval_batch_size": 12,
  "per_device_train_batch_size": 12,
  "weight_decay": 0.0951207163345817
}