{
  "learning_rate": 1.3389635091821157e-05,
  "num_train_epochs": 10,
  "per_device_eval_batch_size": 12,
  "per_device_train_batch_size": 12,
  "weight_decay": 0.04840830893006214
}