{
  "learning_rate": 2.8974246655452306e-05,
  "num_train_epochs": 10,
  "per_device_eval_batch_size": 12,
  "per_device_train_batch_size": 12,
  "weight_decay": 0.06051038616257767
}